School DBN,school_avg_attendance,school_std_attendance
01M015,92.56892290988192,4.8405210817722795
01M019,90.55167141578191,8.90647334964668
01M020,92.06000109620379,3.9714867600628607
01M034,88.45262517390637,7.080064898331105
01M063,90.79886478538792,5.086158801297205
01M064,88.60301019271404,6.832874367378392
01M110,93.83044289412135,3.559877443567647
01M134,89.29782342488109,6.567838071659237
01M140,88.4939294070403,6.110352729797041
01M142,90.56066683310581,5.176475340692847
01M184,97.5512252229761,1.3017105377590732
01M188,87.78426125553463,6.71719596939983
01M292,91.79794837181686,4.63588057274299
01M315,94.5791750982603,2.757553079538245
01M332,91.73246973704127,4.847541535787147
01M361,91.76358787510699,4.140797042323706
01M363,93.43250423793009,3.8482108609055286
01M364,93.00666563236132,4.107931085423477
01M378,89.18327693551035,6.8777223159722825
01M448,91.21024047055397,4.223903150724679
01M450,94.71006778618207,3.222282318547848
01M458,53.34341833524565,9.756835686140272
01M509,79.68545555709622,7.095731654977306
01M515,74.3756810980768,7.437633565065229
01M539,93.33303405801364,10.329307158610344
01M650,57.975118512889374,8.57275514754197
01M696,95.03247354617858,4.543174827028932
01M839,95.0747671760065,2.6362697545258955
02M001,94.24048442990929,3.067926670846577
02M002,96.32335458669597,1.6276089779506477
02M003,93.50193294394785,4.042227457620693
02M006,95.48058085223177,3.064484904195191
02M011,94.86504643250817,2.8344777396431895
02M033,92.82289960043107,3.430112447985785
02M040,95.65024648565542,2.428874776704677
02M041,95.84428714992725,3.005560412100816
02M042,97.08151870324224,1.1508034291915337
02M047,89.99982605386768,5.353301428567338
02M051,91.31605612788621,4.577270702072701
02M059,95.68459235123191,2.261798160048167
02M077,96.75665350044832,3.0035387250412127
02M089,96.14050634353129,3.083599276611447
02M104,96.45736908988796,2.6161304881378222
02M111,91.45309415314813,3.904386861818512
02M114,97.37811348985583,2.678924383561699
02M116,94.20600682979278,2.4438188904780493
02M124,97.81247029403558,1.2984494689823007
02M126,96.73120968707049,1.694635435267324
02M130,97.95542124536803,0.9315615200218577
02M131,97.27988326936789,1.4448182224174557
02M135,86.14506609401958,5.697769418491944
02M139,84.52937871626968,8.800525367233762
02M150,96.00086600443754,2.9931770253435
02M151,93.1747582588034,3.832124006083192
02M158,95.2093039465994,3.1280816694823623
02M167,95.86147003311682,3.435293005154844
02M177,94.94347188034328,3.1284236332500495
02M183,95.76607110778464,2.849032930055342
02M198,94.38374548829538,3.1496040027149848
02M212,94.73769831841678,2.8453752479635406
02M217,95.02050352954795,2.3404015824337825
02M225,93.1593240737653,4.2952178927266935
02M234,95.57819349551332,3.2436134897571796
02M255,97.19845424801734,2.306003297771739
02M260,92.49144005083042,13.61672965615041
02M267,95.38785110856705,3.065943875714269
02M276,95.4711270097449,2.8381210606075373
02M280,89.33012694165907,5.952222188926921
02M281,94.71583233019565,2.5562902712421933
02M282,89.17264899458566,4.882700278662444
02M288,88.00507976600596,7.110534353969855
02M289,96.9225638598362,3.564027049182814
02M290,95.546418937909,2.7396117783918608
02M294,88.72878016988078,5.088032005043823
02M296,84.26317889519159,5.69618292362992
02M297,94.24473264933393,3.122815911578883
02M298,87.04498243695099,7.30590084314729
02M300,81.48421564839384,5.06221423909486
02M303,80.19427773107688,7.806475354082478
02M305,85.2613198508496,5.290595039864164
02M308,86.54138984584043,8.09490460827784
02M312,98.16975770630559,1.4573251209657716
02M313,67.48907394932098,9.495720344456306
02M316,81.1725304042307,6.810995488781627
02M340,94.32873238235389,3.6642693878426416
02M343,95.59026581628585,2.7990692218277555
02M347,90.3849884693109,3.893520855927688
02M374,83.97969685096827,7.566320424321851
02M376,94.84156325162992,2.9466891233652155
02M392,84.9933328414112,4.854748613793342
02M393,85.72922056722165,8.578930356759908
02M394,92.18350664657599,3.7973732372334044
02M397,95.01416135182977,3.1457909225327043
02M399,83.34565745945879,6.71461093984527
02M400,86.25439442000216,6.244474808753734
02M407,90.87283430115366,11.787761420359995
02M408,89.94860356541052,16.308736342930406
02M411,96.17532099456592,2.982039625513153
02M412,94.15555466873757,6.943926549743021
02M413,93.56049997417111,10.594859617321708
02M414,93.2095587149576,5.433651801647341
02M416,96.39068969647043,7.8915260816421124
02M418,96.87412942146496,5.447944444362631
02M419,80.18826606925984,7.420477225692568
02M420,92.03475314926256,3.313738770693174
02M422,83.92291650313724,15.91420622699055
02M425,83.34760167280112,5.922229780191888
02M427,86.33483501094622,8.036677617995409
02M432,80.77757075809177,7.116577737372726
02M437,82.60090763373762,7.20438661434093
02M438,88.68209157849796,4.3582454878699
02M439,98.12133583196646,1.2068033930765043
02M442,96.65139579790281,2.172107443694749
02M449,87.24864343369335,4.29551674977758
02M459,87.69097974235277,5.607209149007525
02M475,96.92879770191078,3.9111453774971965
02M489,89.92362445220209,3.649530167786289
02M500,80.83709117402434,6.573768583069156
02M507,92.38491401249647,3.918389198447234
02M519,91.0230378835648,3.874927665490991
02M520,76.5806538653101,12.177762579419
02M527,95.61718047263223,3.0233805494769395
02M529,77.99800667280209,10.794729055006195
02M531,91.05683560718114,6.259907339482561
02M533,88.04797329088898,8.248368269758306
02M534,86.27929708219197,4.047287320204981
02M542,90.61236430435581,5.444637575330379
02M543,82.86093837199034,6.665356936604832
02M544,53.155523455970474,9.429339331506661
02M545,98.45561531390968,0.9308911878767517
02M546,89.53382710979942,4.102607025692531
02M550,85.84718104838328,4.893480772653698
02M551,88.8550241788811,8.863438093109407
02M560,43.78986417321268,12.348732275083332
02M565,93.82561307046844,1.8186936366462787
02M570,55.53203512962208,17.944420113333457
02M575,72.88629411059453,8.226653838553407
02M580,90.54125792136246,3.8029606891492955
02M586,69.65607378107664,7.621098335627601
02M600,90.38582466507941,5.8230479271570665
02M605,84.08872022801049,5.348125278620136
02M615,85.76916813242457,6.2379338363995265
02M630,89.56891174194894,4.665591436592881
02M655,77.47778000244932,10.787855063033078
02M896,96.68280837869409,2.380174418204642
02M933,91.31892583515425,6.0494343346983666
03M009,95.64447314233182,2.4762243656832785
03M054,96.4505771139098,2.816602030283961
03M075,93.44982336203205,4.1253361781961795
03M076,88.81384847491303,5.913796112829096
03M084,93.62071315748244,3.539466757204877
03M087,95.55496313097125,2.466630751572761
03M145,87.92883969158052,5.487256110706322
03M149,93.47241105356022,5.458051111667892
03M163,93.54240112856114,4.390073384774742
03M165,90.97115716882986,5.137432033362896
03M166,96.19542454344277,2.354334191477274
03M180,90.47815179670023,5.4193108043479885
03M185,91.21294157844389,5.196583301334669
03M191,90.71078790334961,4.9596375590108295
03M199,96.00932494680305,3.007918759942495
03M241,92.0000339095225,5.625901172561937
03M242,90.36669707736014,7.364327807844034
03M243,97.2918152207974,2.048862564898875
03M245,96.21215390542271,2.5038223818800067
03M247,95.34106907496921,2.9299685678676917
03M250,91.26245002635883,6.127113175447978
03M256,92.42059130171137,4.996980155869054
03M258,92.86417966561567,5.409138344231099
03M291,94.64192473349154,8.038972109971457
03M299,81.41695300362043,7.805980079232229
03M307,85.15007763740145,9.769938144591388
03M333,94.1267767828582,3.25498154269653
03M334,97.37724551974647,2.0416319628077524
03M402,81.9598236456259,7.059610393128165
03M403,85.73230780989905,5.845937481598601
03M404,65.8725194399873,9.060565531402693
03M415,83.10767817723723,17.687167613499046
03M417,91.62235234779283,3.494060520253093
03M421,91.20099779212805,5.307941903949634
03M452,94.3520784258324,3.146890568436783
03M479,96.84543616002287,1.422104952197732
03M485,95.14651389390613,2.982716561585667
03M492,85.77674319614677,5.912383555769723
03M494,80.47177256979643,8.568487541909937
03M505,54.50872950398927,11.5662487275319
03M541,97.41391712737014,1.5412356560281146
03M859,94.07050631822844,5.849675018261161
03M860,78.61296856686408,18.10508898049488
03M862,95.38706211466238,4.01647731700118
04M007,87.50961226708684,6.918519447602429
04M012,96.86726635178297,2.4842294269621665
04M037,90.09508508131925,5.756869167772843
04M038,88.54060164034178,8.196900323878353
04M057,90.49716741712356,5.767593356897728
04M072,89.13933497964508,5.741145163775183
04M083,92.27261324607971,5.271242868679849
04M096,90.09835135651953,6.280875344171976
04M102,89.74221974313126,6.529748439126854
04M108,88.48876254264395,6.548954723751124
04M112,89.11654293585492,7.436917378952596
04M146,90.25693679968086,5.731903318771235
04M155,91.1390844078914,4.855025909456636
04M171,92.35425878483805,4.6563924464457305
04M182,91.28482718828523,4.953558904742771
04M206,91.99700771226385,4.614738289610348
04M224,94.32268819039913,3.8024473115607704
04M310,59.6653654379823,10.512023501328823
04M372,85.61468412776033,16.369662808532226
04M375,86.1982814905742,9.138946681198174
04M377,91.91045601783618,5.47975843583698
04M435,94.04065709384315,4.027985086495003
04M495,94.19634856608872,5.789398424187481
04M497,92.6661567703308,4.706637953596344
04M555,96.87289536473598,2.294815276072936
04M610,90.65619005436588,15.74482804787929
04M680,88.49685305425552,4.808160110420983
04M825,92.74901384389132,4.5620513666004
04M964,92.07418551389064,4.159350807525988
05M030,89.70148141661379,7.2942751985762975
05M036,89.53083688302233,7.153714503456808
05M046,88.29336519262898,6.300378800698163
05M092,89.10214174941798,7.370113196496564
05M123,90.24431883917961,6.406703505084409
05M125,90.62932488476388,5.760715679593482
05M129,88.45900859141145,6.149788255282636
05M133,88.87653285196707,6.699456150689499
05M148,82.89914682447076,15.779835794629296
05M154,90.54114898550651,6.426516456705008
05M157,76.34258458904577,7.206301720064403
05M161,90.00514737275061,7.120841618508195
05M175,90.18911158634131,6.6527630911063
05M194,91.63683267861515,4.322185312588834
05M197,88.18418300381526,6.188445592840634
05M200,86.20233567949876,7.653223496408323
05M285,58.75392589210442,10.180696642797718
05M286,86.24830486922797,7.341855528014711
05M304,84.78870006418958,6.486225732409478
05M318,91.01072963188226,7.720563384605816
05M362,90.62027286585452,14.728574142665968
05M369,82.44889875465476,8.9843868541565
05M499,85.08644341755816,18.470740137194696
05M514,84.5723622773876,6.627305956973697
05M517,94.32344743847912,4.068562788895026
05M670,88.09430778868874,16.593039256083458
05M692,95.3052944288289,2.953025215209543
06M004,91.53264914275196,5.714639201137547
06M005,91.69282364916772,5.16853219859995
06M008,93.23701362455527,4.947142050168185
06M018,94.15038258847291,4.496547895200978
06M028,92.21312696088432,4.7644791891797125
06M048,93.57001235140362,4.72341927368486
06M052,91.94460371070063,6.741256585682732
06M098,90.82394600308851,6.072115996476418
06M103,95.36511029734342,2.969377734481514
06M115,90.19129443839726,6.205403146414184
06M128,91.28491601772795,5.339342775422126
06M132,93.21839628492924,5.267430504672567
06M143,91.93763322348195,5.993530175589598
06M152,91.92573449557602,5.991191086039193
06M153,92.61214406577882,3.9945211665658804
06M173,92.17419408997687,4.445238705103559
06M178,94.66896708584913,3.8831490372792157
06M187,94.8399377640268,3.1901903235346087
06M189,92.30128040453975,5.230309432356226
06M192,91.14370126545303,5.815357451232358
06M209,94.09100366974272,5.054134534508835
06M210,93.5907080956997,4.54522893836799
06M211,83.22226771244404,9.822256872823916
06M223,95.33333504932618,3.3679292973016683
06M278,94.56831763530379,4.0131401710954
06M293,90.3960079921929,15.232882215985747
06M311,95.61684494284165,3.007873910115812
06M314,95.73855482507263,2.409893985519887
06M319,95.4983499457508,3.117872147332191
06M322,92.25529365809334,4.832413751535319
06M324,92.95590423608621,3.7251295818301986
06M328,88.66101291762685,5.840847300479254
06M346,82.63072400466382,14.748703817756306
06M348,88.53952593915186,11.668705021406574
06M349,93.097002145485,4.503483721331968
06M366,93.23658200615724,4.915644357740642
06M368,93.26225831156113,4.309000523942572
06M423,77.00450171542136,7.487742525835515
06M462,81.89587428635637,7.872688550234581
06M463,89.50700565067353,3.227501310406747
06M467,80.53325138533224,8.400142369568158
06M468,88.7887645041383,5.5406303271135355
06M513,94.46777618566325,3.532937000356773
06M528,97.11431525487033,2.6570932215555194
06M540,85.33821892967538,9.949179864033828
06M552,91.36934750506,6.499784629733698
07X001,89.44408142525951,5.584959648654721
07X005,89.58184299414053,5.732936706990323
07X018,89.90765976931588,6.389512817957784
07X025,90.97559400744062,6.0785830746505445
07X029,90.10826078608025,5.547142225696809
07X030,89.36948465768643,5.40253376130889
07X031,92.02907251626986,5.6035954795847855
07X043,89.8713396806759,5.705122135158793
07X049,91.39997570809597,4.815663781350245
07X065,87.82279300783945,6.713141843648291
07X151,88.73933430780033,6.930868685796535
07X154,92.78767058663182,4.274734262390277
07X157,88.30345684340904,6.600725536913448
07X161,89.01374759948547,7.73779178492842
07X179,89.09569205856353,5.716201184703151
07X221,89.09173231642511,15.224009516614014
07X223,89.75209150810011,11.530701915994792
07X224,89.09969383980025,6.743014922762879
07X259,85.3002394485831,5.554532329550473
07X277,88.14020040871475,6.546678654664903
07X296,89.99993026540605,5.0979975623862845
07X298,90.26362497601865,6.154411758890655
07X334,88.91422235259978,4.317168954186015
07X343,92.65880710177052,5.638481583265187
07X359,92.94678656057307,6.233386827023298
07X369,92.10718894588595,4.766964010751707
07X379,53.20269596129671,12.907953688929567
07X381,56.9689717766751,11.47390676648932
07X427,80.77999179731268,10.283713993827668
07X473,76.5800291542697,5.325741502673532
07X495,93.83402000211719,6.241313914753134
07X500,87.93968957479512,16.876404435921735
07X522,80.6375295450644,5.959458355937674
07X527,85.53237732554237,6.319527284205299
07X548,82.19988164277093,7.423232235190823
07X551,82.54028762315349,12.140385005169025
07X557,56.537290688113465,10.321978044775769
07X584,89.51886218727186,7.484073549697339
07X600,86.50838024716533,6.475472445749701
07X670,82.16416519700836,6.452127220374738
08X014,93.00531067604602,3.9164394894514447
08X036,93.20617006240796,3.4322905506529557
08X048,89.63073446499142,6.329971291226586
08X062,89.69300789822161,6.104132775554085
08X069,92.00642184810755,5.969183027925049
08X071,92.97075122332527,4.140860045451312
08X072,90.07067899547138,6.142264136818231
08X075,90.62086568237757,5.840654761392118
08X093,89.41576951728263,7.014077148810226
08X100,89.89370723733815,6.411325484960876
08X101,94.5892845408523,3.1431893760613683
08X107,88.27666428153212,7.608046987940672
08X119,91.86731298015386,4.596427771003709
08X123,91.99054869160135,5.139276619349951
08X130,90.38655125744096,5.27643074627816
08X131,91.36472560227861,6.145591465405645
08X138,89.72330920306551,6.500734674563592
08X140,89.80402571763457,6.3388277057283915
08X146,89.87254067809072,6.020514424178094
08X152,92.4658409260712,4.816614801792505
08X182,92.38128661624219,4.933304333244172
08X269,85.19302588417735,13.984047798962665
08X282,78.87169529985742,6.912333892322278
08X293,83.55383931812584,7.17341067128368
08X301,88.02697274088777,5.624098178258228
08X302,90.5756762642001,4.634731492959622
08X304,92.81860459873869,4.0615751654809165
08X312,83.61871109034227,7.94668315025318
08X320,83.04518194497561,7.590461034745246
08X333,89.54591120422306,5.943418045466734
08X337,92.89084587163545,5.175946289626868
08X348,83.58489900311469,7.767149162149494
08X349,82.47762239642434,7.830268457401275
08X367,84.25587304700522,14.075543152112639
08X371,91.42704232712299,5.999566055230797
08X375,90.21613649318957,6.006775921931488
08X376,82.86231988145755,14.18070837866917
08X377,60.435753312487755,9.696965826549397
08X392,91.75376948356023,5.205205313441024
08X405,85.33009530702935,6.021530480739732
08X424,91.62046230538756,4.72163914673565
08X432,84.35268705547985,9.28596363664334
08X448,92.14541170003773,4.892771058898868
08X452,80.04600163277057,6.153305807862198
08X467,89.32429950541207,6.441980197422193
08X519,100.0,
08X530,81.80717186184533,8.960246928257256
08X537,53.110462956087915,9.25857678208258
08X558,81.99550046181608,7.639568335016995
08X559,70.25384628484032,8.352331770340315
08X561,83.3453281399727,7.1351211304006865
08X562,92.19728590022862,5.329216939148351
08X583,88.96438129270778,6.160672908737976
09X004,87.62758035557492,6.022166653036322
09X011,89.53901946865494,6.338327383957116
09X022,92.90120779693522,4.2740142753758015
09X028,90.18890608300643,5.5576970945517905
09X035,92.55616136123635,4.534124658401821
09X042,92.85640222171415,4.448826285702146
09X053,89.50994846636279,5.975342039844847
09X055,90.43277959346014,4.780261676036792
09X058,88.36690943300592,7.636758496213664
09X063,89.86082227250938,5.168962534077188
09X070,89.70947315498329,6.134106298100341
09X073,88.63677368327522,6.740901931398469
09X088,91.3351867258749,4.900286614245156
09X109,88.88271222410957,6.714341494343446
09X110,91.76590084713949,5.3222788893438
09X114,91.3531941880661,5.33578894254828
09X117,90.4406457630062,8.946470991011497
09X126,89.6686038820609,6.827223371038658
09X128,93.81688516757558,6.5478565553369075
09X132,88.84810797802272,6.688163634417525
09X163,93.36131854327104,4.421780031279312
09X170,91.76213404491101,5.286879532286126
09X199,91.33173550936255,5.202225018521293
09X204,92.93529667260455,4.493946268324246
09X215,91.46800807639292,6.000586479262811
09X218,93.11928003687176,4.036341267143315
09X219,88.54305455244496,5.240327603678781
09X227,84.60528557117368,5.206672292134762
09X229,88.28893308410666,7.240528380612113
09X231,87.57837988700801,13.860783038972789
09X232,90.76949617686005,4.508708998755201
09X236,93.02280479911235,4.666609492509705
09X241,84.06659414432261,14.615008426512345
09X250,88.58110680064068,6.424443010549138
09X252,83.9297361775791,6.376841042797581
09X260,91.36787001129953,5.049904530869458
09X263,81.49671332737152,14.626452104061164
09X274,84.84425762824793,7.802153514743769
09X294,92.59873220362329,4.119813180675106
09X297,84.90447584234806,8.626709700207277
09X303,93.09313259584121,6.205091972873738
09X311,91.67223030307072,5.309185456088296
09X313,91.5154241900948,5.69654428871177
09X323,88.23076038516889,6.185607279369381
09X324,89.66392059169333,12.352965965864875
09X327,85.12988761609658,14.9779358521853
09X328,91.54154081590232,4.488592011720273
09X329,84.73420306954728,5.454908708746095
09X339,91.6200983928629,3.827315939445613
09X350,66.5170279431114,16.080517098009263
09X361,93.86004110813212,4.258333834866948
09X365,88.63694832609002,6.665372945503088
09X403,79.90740259456916,8.9407156160142
09X404,73.40131320893337,9.843817296947808
09X412,82.86804381281777,5.982157709808956
09X413,88.95383500922931,16.30910806913352
09X443,91.25786764499432,5.621524789445284
09X449,92.00782162942271,5.1816507499414675
09X454,92.22241918706165,6.155217408604858
09X457,90.13361209690136,5.861888124340206
09X505,88.45903871090327,14.533076903037168
09X517,76.59017915505834,6.746916735284706
09X525,78.77711718813285,9.483892623157804
09X543,76.6676795421456,6.518260367822656
09X555,94.29859677253383,4.853012518701027
09X564,84.39827830422371,10.917521124986738
09X568,88.31216089623724,13.368145070086372
09X593,94.48076265051871,4.691615086664263
09X594,90.19713637884811,5.394105610137128
10X003,91.73483637660314,6.849753195140655
10X007,95.77315743170715,2.9342994280333574
10X008,91.44261877660507,5.270547082884887
10X009,90.19181237967918,5.860936263981913
10X015,93.7091401087509,4.485447931702827
10X020,90.7082829058051,5.62082246240942
10X023,89.49268619355195,5.454887521052286
10X024,95.1616358488118,2.5351239291460708
10X032,90.49231099317038,5.593913985062759
10X033,90.16619248628743,7.240911186106462
10X037,89.85885330263238,7.235420346358521
10X045,90.35686394573904,7.38803310267745
10X046,90.80753189622772,4.728672339072486
10X051,92.32273322250273,4.864503797574396
10X054,93.32975071155748,4.362006580029702
10X056,92.81261403827655,4.182474194301187
10X059,89.71070088030183,5.961700634422137
10X077,92.04174220437672,5.074480098326842
10X080,92.76559075238617,5.761529344023934
10X081,93.43844202476771,3.581550430174915
10X085,91.79913705345601,4.51096754009291
10X086,92.71184582549928,4.837018729996268
10X091,91.4006523842724,5.371579847693695
10X094,90.56974704018394,6.246290295631217
10X095,91.09069739842931,5.252744490098776
10X118,91.17667517414743,4.98630419569221
10X141,89.64983653909289,15.229368583194637
10X159,91.02216343324291,7.272728188327778
10X205,92.26403235434228,4.12135042782097
10X206,90.44652862115305,4.964696227738804
10X207,90.81319159527514,5.292093151437038
10X209,93.61080592071778,4.628671277935124
10X213,78.96718305662952,7.836176284590993
10X225,83.19927925348301,15.347203891778996
10X226,93.52104994134643,3.8489995943997224
10X228,98.08389212288422,1.5638311708601196
10X237,79.24939381216551,7.718052892815482
10X243,86.27183949459702,13.590822648844753
10X244,92.4199027358116,4.307709026821226
10X246,91.68475216638579,5.112497079490086
10X254,91.54271969574252,5.655759782796127
10X264,84.58305969230193,6.075046537505761
10X268,85.26045615193786,8.313015740699521
10X279,93.5675162984153,4.278009066024351
10X280,91.83377282892984,5.084337840287707
10X284,78.31945921514897,10.13239614269954
10X291,90.97507489759423,5.841091629294202
10X306,92.20604699961605,6.614242731278771
10X307,94.86934333380715,3.5151957755148264
10X308,92.77199610017786,5.815062776804171
10X310,92.73510181609943,4.65625848584388
10X315,92.55028534139905,5.19027690102718
10X319,68.63306363247484,11.738144481806282
10X331,94.22054071188178,4.096024924351253
10X340,91.43830349787417,6.567026648137861
10X342,87.58375839765093,16.122331287959067
10X344,93.9560968330047,3.8994405863513806
10X351,76.08473958503137,7.079675365946476
10X353,91.3446602158188,4.896258083811008
10X360,90.32728327636765,7.528404538707687
10X363,92.93778340399675,4.597455984445431
10X368,88.58793030482632,16.182614903570464
10X374,85.01996581105752,7.181022744186494
10X382,91.67293407002953,4.353159818466134
10X386,93.38624331592194,3.924801699684371
10X390,94.88288877298925,3.2889470694158875
10X391,91.7472761071315,4.7680897828328055
10X396,94.15690456035938,3.905491612393533
10X397,79.34368931312903,7.9249015981103215
10X433,84.42851143562012,8.797242065595503
10X434,89.0809903835928,5.6934664373289685
10X437,91.2762132763286,4.683779888644669
10X438,94.32715840910754,3.6243387051875056
10X439,87.43458041459017,6.461965506483813
10X440,82.3434766711072,6.540038435163207
10X442,91.9339414018127,5.0342988616756825
10X445,96.85167710361468,2.1935571415231725
10X447,93.82832015700008,3.868297614405658
10X459,89.72046026956521,4.869788257523052
10X477,93.08499721908557,5.020886176320999
10X524,87.65479300080985,7.248431416657262
10X546,80.49335363338756,8.033482291139773
10X549,88.59060592296558,4.067510531628883
10X565,83.05429340515755,6.7439367424155625
10X696,96.25202750408587,1.729740774445714
11X016,89.03890089874773,7.6884471197667725
11X019,94.33987178596317,2.935388838081801
11X021,90.53462210076857,5.750534000120885
11X041,90.56080942887885,6.7664482701305735
11X068,91.83145201891779,5.799178593977304
11X076,91.52023168941109,4.946169568586265
11X078,90.30275177434534,6.054957769101016
11X083,94.63323514847991,3.5824777638121668
11X087,92.42220275907135,5.194668109796851
11X089,91.97269225371733,4.936671369862162
11X096,91.26508466813686,5.798546952517963
11X097,93.35534621999128,4.370418398373655
11X103,89.38025304867467,6.032495514479081
11X105,91.50408118627811,4.778147503770711
11X106,92.29874573877322,3.864356405710172
11X108,94.65791661114417,3.5128947987047914
11X111,89.45710105140667,6.25357428351689
11X112,90.78890904402762,5.839726557691664
11X121,92.05632779662164,5.461350193365903
11X127,93.57497301915106,5.431663472849054
11X144,90.14443463528623,5.957276113948545
11X153,95.21104888382848,3.366070578847337
11X160,94.07977698347176,3.4023265974801813
11X169,92.5749888585764,4.892980851151159
11X175,95.1728677780125,2.8889583186759964
11X178,93.09456871112619,4.897951955160486
11X180,94.73699125672965,5.383232548944827
11X181,93.38343229975366,5.444402988388164
11X189,91.97196238938612,5.73351902560783
11X194,93.85232680928254,3.623149744434043
11X249,93.89047335224026,4.796922501201062
11X253,83.25601671669581,10.456848523116772
11X265,80.95407388882278,6.937644869043097
11X270,82.04179462975648,14.750084997619952
11X275,87.33879902121024,4.45638272240609
11X287,89.14223945761834,6.099017296729922
11X288,89.05811840450154,5.548453475920266
11X290,89.65597606498864,7.863380641389423
11X299,84.17433955017174,6.349445827561633
11X326,91.403625837075,6.295471171043604
11X355,91.76586251690672,4.960831563276599
11X357,92.75977724244903,8.30422187191764
11X370,91.23447358399905,5.386178500086959
11X418,83.03818588313938,9.023506186635982
11X455,89.17163252712743,3.168395308147107
11X462,91.99516369224865,5.524372952725945
11X468,92.34782800160593,4.705742090139843
11X481,92.58233391747285,5.9393910310414
11X483,90.25148722127048,6.410106201523652
11X498,94.44320263267407,3.494298612117032
11X508,85.11815561210827,9.860083614066076
11X509,89.96791909359332,4.769637795366149
11X513,89.81345045890626,4.911218958924194
11X514,90.6912291304898,5.008431125077297
11X529,92.76372469604166,4.008867433458883
11X532,91.76339612605035,5.2881035223226105
11X542,88.67810723625536,5.852663733634598
11X544,85.78023298681084,5.808633052529343
11X545,75.34172136085672,10.789376637380881
11X556,90.2435564019717,7.243293647199278
11X566,90.49893182003122,7.670910672909538
11X567,90.86763528204904,5.10612840991051
12X006,88.42478971776875,6.886418781100295
12X044,89.38040013614355,6.653463886849624
12X047,92.8384332767043,3.4457964503726743
12X057,88.84282113286028,6.453182748431149
12X061,91.77362307974339,5.67105517211158
12X066,89.76793396854782,5.637432750562818
12X067,88.99016098519564,6.428353328698818
12X092,100.0,
12X098,85.22051917194895,7.040073691143715
12X129,91.4639909559757,4.8817607430399566
12X134,88.89360277207075,6.828670309420401
12X150,90.16458973774799,6.287899675223507
12X190,91.22294385259231,5.908947508273015
12X195,91.40472400109114,4.623888542539075
12X196,92.92873195119448,4.242641333102603
12X211,95.03062082085475,3.8050916148190943
12X212,90.15555133154396,6.185088534395215
12X214,89.56642309512802,6.403657234289499
12X217,90.30143565383598,6.257489854613085
12X242,87.19984980504255,14.035962519447132
12X248,77.47267297549881,7.139829523663419
12X251,81.88926940860026,6.117647291339461
12X267,86.55071893221916,13.464752975370956
12X271,82.82529756848615,14.952493180174983
12X273,89.18646286434793,6.669788505034889
12X286,92.03692654203306,5.1508832942074685
12X300,90.40715859785828,6.091954174188265
12X314,91.12869735455892,7.066707586523374
12X316,92.63574536590981,6.727080278150473
12X318,90.0531722051048,5.472183965803636
12X321,100.0,0.0
12X341,90.87643698992471,5.758671475354355
12X383,88.83461250331841,6.547229435616306
12X388,86.858861080011,9.138952390252625
12X446,72.20436140373938,8.54705731178927
12X458,93.8477921814867,4.601756367302686
12X463,92.84711897181936,4.130584368818017
12X478,89.01623893501687,9.016869156487463
12X479,80.664343159768,7.194743529182517
12X480,61.25308028103412,11.6999751524258
12X511,84.87077360610695,6.055733155798383
12X521,81.75535519471396,6.738800714865818
12X531,89.8165414945525,5.666468230518532
12X536,91.15301100954765,5.813757293896705
12X550,85.50453518199245,7.02007334825211
12X595,86.06860776128316,7.745999473564838
12X682,79.15771025691062,6.731779466527511
12X684,77.9381440641461,6.837737231321853
12X691,92.74808197995391,4.205028134291425
13K003,89.266025916154,6.266351100839125
13K008,94.97163516177459,2.7410425808359475
13K009,94.23344515384214,2.9674514702446766
13K011,94.47879954219229,3.8692633835600785
13K020,91.67678325550614,4.424561162980805
13K044,87.58202137121258,6.153441813716877
13K046,86.90914729799229,7.184043999611278
13K054,88.66906249965183,6.175730218524522
13K056,91.29872482296248,4.556522700665138
13K067,90.2540755872747,5.056761311905612
13K093,85.9046917676666,7.015169222886584
13K113,91.56604165299433,4.392197882211613
13K133,93.68793012551642,3.6175094630345095
13K256,87.8243425787434,7.578544591503409
13K265,77.70926378300625,15.786310647496673
13K266,91.56833775036222,6.849498201472057
13K270,88.35932453488662,6.762014562772785
13K282,91.506461810467,4.598844497572552
13K287,88.15039215498012,7.064558066799197
13K301,88.91058192098866,8.746895202110423
13K305,87.31725303514568,7.902442511762362
13K307,89.948293653085,5.612555065312269
13K313,93.26320333643186,5.074153152852426
13K350,80.78904738921948,6.3167017579566656
13K351,90.25094960384514,7.326359846111482
13K412,84.30011778096362,5.451052634792269
13K419,91.1745744046739,8.273173375324033
13K430,95.08765995916083,7.756167677598562
13K439,90.55050605703701,4.0068723298057645
13K483,88.69431649163784,7.931698078958816
13K492,95.77935903578961,3.194053100373986
13K499,69.76137601244817,9.270880295981105
13K527,84.96931122169431,13.717160588400674
13K553,59.33091864296863,7.999080735494162
13K594,80.4335815627053,7.15723712836362
13K595,92.10090640062143,2.947161840795233
13K605,88.5495437969332,5.625291234428086
13K616,46.290679146925946,8.702335310662805
13K670,89.09479278769908,7.567435517821975
13K674,91.0619758388211,4.576487501085687
13K691,86.89497940150277,7.335386698782924
14K016,90.15836573659419,5.168757938486844
14K017,90.74043695337005,4.844974865008261
14K018,89.71132558665532,6.396020386671313
14K023,87.49878116836189,6.51128608555447
14K031,93.62896571666906,2.9190565191091644
14K034,94.05905329973565,2.8968814997285635
14K050,92.10899823963724,5.0224191780389775
14K059,88.2950373918738,6.049419906513575
14K071,84.2933212810034,15.062270881102647
14K084,92.63557302248964,3.792111071069525
14K110,94.48675457938589,2.9556761243346203
14K120,91.34275311404994,4.942628912412158
14K126,91.02683102689589,5.567770389791844
14K132,93.54046733321132,3.0454023940214903
14K147,90.16642194885132,4.79962696986383
14K157,91.42071945251797,5.052783199239368
14K196,90.98619647431822,5.328986938515264
14K250,91.83802781646644,4.154923055417418
14K257,92.0355813429121,4.779198658355668
14K297,89.21021550389155,7.385769977229342
14K318,94.5140899686154,3.1402441609806084
14K319,91.5184298002515,5.188140125861756
14K380,92.6104225421723,4.249228752107396
14K414,94.2520702063586,2.9328283577300396
14K449,93.86050042025308,5.912421318473593
14K454,85.15598115679836,6.286540903358845
14K474,78.32226294697571,7.149801051625272
14K477,73.026298114271,6.424418479406706
14K478,85.12785191718572,5.8300863865447905
14K488,83.95291012108092,9.894016455471705
14K558,92.31907029629014,3.2438379553028542
14K561,90.63498612287918,5.266991888703864
14K577,95.26885667660193,2.921624572354281
14K582,91.01188750508923,5.692687617885649
14K586,79.25330801733644,13.44046536975344
14K610,83.5125446900206,5.93200031693502
14K614,85.5111040813593,13.082449584549433
14K685,82.15373672780461,10.411620120061123
15K001,94.37658110408023,3.2148945897510943
15K010,95.27202252946947,2.318482854324599
15K015,91.35695020684503,4.966014422178121
15K024,93.83382011414278,3.7385693723430706
15K029,96.1623771691182,2.430080314541392
15K032,93.63988007736181,3.2721053314550934
15K038,91.44621200326952,3.712619201115044
15K039,96.05054264842548,2.427644942473803
15K051,97.0988336536957,1.5755432427064593
15K058,95.35982734768555,7.626469000723288
15K088,93.04567690207112,7.768165665147893
15K094,96.97164451736128,1.2636631317796143
15K107,95.51779684948319,2.3657917718597714
15K118,94.80128400331769,2.8821185376884877
15K124,92.89765451354431,3.9773088436300545
15K130,94.7357426034731,2.2559336164240915
15K131,94.92701381871035,2.2617143558660655
15K136,93.94878805038697,3.883832168645378
15K146,94.06945790389271,2.996278627930935
15K154,96.26531476576083,2.0156607610099853
15K169,96.10080898572306,1.650548918362753
15K172,94.81125438534038,2.301177319314641
15K230,94.5612659157899,2.831516070479201
15K261,93.89392080313155,3.2165067335259963
15K295,94.56691456897781,2.557162582060297
15K321,96.05420038265441,2.356352798442929
15K418,95.55947215674831,2.6715057573145424
15K423,73.02414857296013,9.335031127621278
15K429,90.95888336674822,6.49539238007747
15K442,94.96154307235656,3.3960529683052214
15K443,95.37540795701267,3.824187606724138
15K447,96.60870190997129,3.3577648703535172
15K448,84.25633772890563,14.95471498577411
15K462,84.48873758289066,6.519115784646636
15K463,81.94527825322282,7.23663830453458
15K464,84.10546032148395,15.282594711176703
15K497,86.78818490655753,10.804920841338534
15K516,94.60568825054472,2.6730226812747335
15K519,80.551508392459,5.952503157840046
15K529,57.953434657681846,10.23299033080058
15K592,82.54832597790636,6.318465145278603
15K656,89.31818118262747,5.824376289113679
15K667,85.30841388675803,5.341738415527633
15K676,85.71695236264884,7.922377162328037
15K684,95.9749974405272,4.14128391925782
15K698,55.42517647231525,10.031471458824667
15K821,95.53669502747876,2.7016838385899073
15K839,95.17188439757857,2.4094055482456964
15K896,92.05922670943438,6.601914704335673
16K005,86.51128227200492,7.33739195568462
16K021,90.46688434824553,7.998844809545205
16K025,85.9662389197301,6.85550437840864
16K026,88.67415616145689,5.948980144339351
16K028,88.50542156548374,8.142817374728763
16K035,90.75260380756443,4.315109645115032
16K040,89.86414268301475,5.356343977034834
16K057,88.263425766255,6.6090097423658385
16K081,86.893723613526,6.384636149301108
16K243,88.59574410240046,5.54871595238273
16K262,89.32545178864805,6.975127928788299
16K267,87.16441913719629,8.325122780213762
16K308,87.73959941031852,6.527641982481349
16K309,90.31454057387386,4.687352362465779
16K335,89.92068000725462,6.117419416761328
16K455,81.52767006270176,4.458137975783255
16K498,81.11756563047841,7.262920025840866
16K627,90.28894660616048,6.211962384459944
16K628,93.61765339519438,4.225838848657262
16K669,52.01496300303366,11.40494166869269
16K681,91.3968609273567,5.555296011605834
16K688,84.49138664480095,5.86120347121201
16K765,73.03923508856133,6.5080883061485695
16K898,94.53108155837539,3.8924312634863094
17K002,93.93664443376993,3.6648722128530906
17K006,91.77861919003507,5.456472537189855
17K012,88.79247769611989,6.874577130944397
17K061,90.33499018229747,5.4521118107698365
17K091,91.48230765334924,5.367004978051738
17K092,88.98157199718322,6.120952227259506
17K122,77.68253224075718,3.403004439244411
17K138,90.71487275118936,5.505387614962204
17K161,91.15726268179262,5.425930244869174
17K181,90.94190750661585,5.13715352345567
17K189,93.13528017233016,3.7778884299088995
17K191,88.33556909070414,6.4930027970438315
17K221,89.9466011348408,7.37400452550077
17K241,92.6090830826006,4.367531909605506
17K246,90.63413031329692,5.780295371944902
17K249,94.68239420745945,3.6319153660009187
17K289,86.82452462397916,7.608393683608672
17K316,93.8546195393774,3.664381542895336
17K340,92.18127597551916,8.075806590732867
17K352,91.81978074420783,5.366896028740722
17K353,90.87916472471949,6.5206619467310265
17K354,92.69549107347912,4.197883970635632
17K375,91.0893732911392,6.349238283349886
17K382,83.47825202116907,15.876437756704892
17K394,90.24060331786734,5.4921982883232205
17K397,92.65768764439194,4.628460070823982
17K398,89.87790332525348,5.279605543247784
17K399,89.65322025739135,4.7865207610161145
17K408,83.7411492846436,4.987305755401497
17K484,91.54478114713562,5.592020791445034
17K524,87.74152738590675,5.18012385350735
17K528,86.70790117927271,5.142616194972749
17K531,85.51846314434654,18.395515488157706
17K532,92.81090901322378,4.098853577486142
17K537,86.07036048298617,6.493804777320106
17K539,83.81350465893064,8.177278507685985
17K543,92.55297315667836,15.284374056311531
17K546,92.41503614085825,5.60860657595564
17K547,90.42085749599715,4.545111085736265
17K548,83.75108468340764,6.9682083571125455
17K568,63.475997961040264,8.689059761995601
17K590,90.79870290412876,16.600847483333396
17K600,87.15536458453225,5.110663461384156
17K646,49.75670488283365,12.168912437086663
17K705,93.37980305178613,3.547575714317172
17K722,93.24838982068171,3.9055358141516705
17K745,91.19544635750044,4.618948713892678
17K751,86.38430896037066,7.480487395297399
17K770,93.09596225326183,3.7567255091963228
18K066,93.70361296054811,4.267354213318979
18K068,91.39711747999206,6.274954477008857
18K114,90.27173106566522,7.802385460119897
18K115,93.4352547709508,4.254964765433333
18K135,92.80885153345386,4.389175974288251
18K208,91.63126419528825,4.985167684213827
18K211,90.9554922409772,4.861114988202249
18K219,90.9683778783024,5.421389663900657
18K233,90.34762805910752,5.927761011581493
18K235,95.14875638398203,3.146790623791161
18K244,89.79675267294216,5.012566053219807
18K268,91.48250385221517,5.157168118254955
18K272,88.89236764973592,6.599384814587679
18K276,92.4944120519579,5.366424993566037
18K279,92.04881607217365,5.780129831393391
18K285,89.60478773661256,5.88413607271351
18K366,92.89255308312254,4.888116521395938
18K563,89.96365990816393,5.886682254316883
18K566,90.22996457167652,7.342720213403286
18K567,80.99172258822846,7.628525318224426
18K569,86.96517447928161,5.251125469368176
18K576,85.81278839881685,8.539955660306044
18K578,62.16936716268665,8.360027588585824
18K581,92.2780452538678,4.3155108099254855
18K588,92.47104873442697,4.575026189877946
18K617,82.90115214037041,6.110769564051845
18K629,85.42994606363906,6.108106090183284
18K633,89.6378623095357,6.42677720962847
18K635,62.721295293389,8.298490463831337
18K637,85.98162789301402,7.126369196242073
18K642,78.35615678476375,8.312161859015164
18K673,72.09797227562849,7.353282158276142
18K763,95.01933676745537,4.720046367350097
19K007,92.42461877714399,4.65952861297017
19K013,88.5487869362622,6.054624124284016
19K065,92.26816763514138,6.124184224443404
19K089,94.74138607870117,3.5858330612366727
19K108,92.77773946105626,4.391365402286562
19K149,89.8321004172627,6.240383999760086
19K158,89.91870486468633,6.83460350840647
19K159,90.97645083803121,4.973162263325857
19K171,92.88094175752052,3.889845613146995
19K190,86.7539388641531,7.972917507546471
19K202,87.20882807330372,7.243839395170034
19K213,86.82195083022867,7.227215808943264
19K214,90.04534936415438,4.612987298613167
19K218,88.67732901771257,4.860649734368648
19K224,86.56845211494922,7.016771204030226
19K273,88.2380833120934,6.660726212406649
19K290,91.77457457120518,4.852517387332616
19K292,89.2892640225102,5.3651751887103964
19K306,88.14667534725454,7.024582041531783
19K325,87.68429904994143,6.975979607466062
19K328,89.7969773281633,5.010966866846589
19K345,90.43494238229886,5.7675795667777985
19K346,91.90439990672328,5.619887675717738
19K364,90.81509401769924,6.508346187306442
19K404,84.55382920910428,16.706407769613367
19K409,85.98322322006437,15.525814745641116
19K422,86.40900674788209,14.177276923119472
19K452,92.78097172752142,5.59694187924724
19K502,74.39911832327768,8.067636446992088
19K504,78.37217119405854,6.845289670238252
19K507,87.28653020329297,4.851644371574817
19K510,76.59657056626806,6.987114723796735
19K557,90.3183669515005,5.084277442899368
19K583,89.31403162702291,5.778830260150537
19K615,80.67877649280081,4.671145297357829
19K618,88.7272258582351,5.523001695012476
19K639,82.99537919081754,5.234937876703589
19K654,89.13778071025021,5.405794992660526
19K659,86.31669255590616,6.035606195773841
19K660,77.11984045168298,6.298129291928704
19K661,93.64536243261604,5.122033476190347
19K662,92.01477384213862,4.760759500537806
19K663,88.27702188546502,7.1409577156692325
19K677,88.98564236826523,6.565460922401164
19K678,92.05993235735524,5.014861328468723
19K683,81.03832450089519,6.346460648361514
19K760,91.80576296114303,5.387465731669319
19K764,86.03052453134734,5.34229959216243
19K907,92.23960224163663,5.079240766116148
20K030,95.6279909045953,2.349905743951888
20K048,94.4879009399106,3.2127724493055654
20K062,94.39440642620242,3.2971843707414674
20K069,97.93699756286432,0.9664747279291768
20K102,95.20234419936199,2.328492693023549
20K104,95.11784336418097,2.686676880613422
20K105,98.19593714771165,0.6459737448858796
20K112,94.71466771137915,2.0524031593731675
20K127,95.64150980293361,2.159266364898616
20K160,97.81442479402607,0.8306832082121706
20K163,94.42337644067766,2.4026312868838686
20K164,95.5946906812676,2.107695029448276
20K170,96.54110377434411,1.406196250139299
20K176,97.02352922120264,1.2056900470363994
20K179,93.47526828679008,3.339892774208537
20K180,96.58747759232973,1.6773767048804549
20K185,95.3097652226118,2.2331531082794593
20K186,95.77407115121898,1.890303976916496
20K187,98.2962321025448,1.0546755641682348
20K192,93.68543090045287,3.5399062127134444
20K200,93.97819634224912,2.6232457750320597
20K201,96.93381614524571,1.653634004785521
20K204,96.46992723122607,1.2422053408931888
20K205,95.72599390099934,1.5901203350186204
20K220,96.34296557530317,1.7505795712791339
20K223,95.79125164581166,2.997501900803244
20K227,96.11712824052408,1.8391343444913442
20K229,96.2933614186829,1.3319569658316277
20K247,95.84814445820268,1.620122153347582
20K259,96.35150928598918,2.2836471054235408
20K264,95.02420023101033,2.6064531559796595
20K310,98.1506008881482,0.9939874486107155
20K445,87.74010818378896,4.725039826004925
20K485,94.23045274096111,5.22805080098501
20K490,90.78705169666415,4.325466860036176
20K503,94.6839563814121,2.8195379767530624
20K505,84.87752108620637,8.133528425377447
20K506,94.22892926879798,2.865040033881106
20K609,88.42545439900621,14.647233798575098
20K682,95.47561770180432,2.1144799367267075
20K686,95.67107815256846,2.031051885611023
20K748,95.78240129347111,1.926591360936043
20K971,95.72251405920422,2.151154247984277
21K090,90.33456226712613,5.408167217659537
21K095,94.9353703619912,2.6296285651717652
21K096,94.1045729143129,2.8104279227491253
21K097,95.4051468303755,2.2099833044628485
21K098,95.96062086386233,2.395389724601767
21K099,90.91394833015296,4.322185813057311
21K100,93.80173449714675,2.507650246282124
21K101,95.66991008009458,1.7672022209077933
21K121,94.32284610532089,3.210277229042638
21K128,94.33492251854923,2.9532482616714275
21K153,93.14582361018327,3.199294105761452
21K177,93.56502030215313,3.5061272221058664
21K188,86.16682854912395,7.29750497306401
21K199,92.73587323936557,3.429385827457621
21K209,93.893840917051,2.887428558798049
21K212,91.75565827420016,3.7605287033424113
21K215,93.5531104729393,3.1513208904811
21K216,92.79380944936766,3.002566506238149
21K225,91.7964042778085,4.0721540023616365
21K226,94.33121159421637,2.5965112840313895
21K228,94.63801122696013,3.1501710144272344
21K238,92.16146396365063,4.077412434335861
21K239,96.15298662181702,2.2117493315651062
21K253,94.02191890354983,2.75611968208206
21K281,94.10659102428308,4.654042767641621
21K288,87.82655661640197,5.894130084878204
21K303,92.30324170883829,3.446981377675407
21K329,88.89037004127269,5.402207405431986
21K337,87.51386171959766,3.2379553552736087
21K344,85.84082578713029,4.845349941260129
21K348,74.7870449743118,7.223409937007646
21K410,86.75328681887639,5.16247722145063
21K468,89.24192631434475,14.459327318909017
21K525,90.80304441501555,8.15740649996979
21K540,91.43751539889557,7.719013404541871
21K559,83.30365822581797,10.61152560680846
21K572,81.98538877920838,6.4315478665629415
21K620,82.13863876325124,6.705179223582454
21K690,85.80051319368599,16.69371107452383
21K728,49.177240248827935,8.067709526883293
22K014,91.95268719509944,4.652992519373042
22K052,92.27094339762489,3.881600110080376
22K078,94.0981538000663,4.64866649329635
22K109,92.0754399369556,4.6102039769750425
22K119,94.50451976641834,3.314214093662251
22K134,95.06243410556196,3.0142553843473907
22K139,93.24114158585276,3.2849093064200012
22K152,93.47252560842968,3.804685174815006
22K193,94.14848167773916,3.1537923606145677
22K194,91.42123354569046,4.427186800300083
22K195,93.51581046206974,3.0813486958473275
22K197,93.07075348982575,3.028232195546969
22K198,91.20569922221179,5.096081464026919
22K203,92.88858317843895,3.609534066120988
22K206,95.82776179584309,1.714315180414644
22K207,94.77487130308783,2.5912097237512652
22K217,92.78445035002314,3.665399145149485
22K222,95.24733769628675,2.087539355850627
22K234,93.55692753193975,4.167233243728816
22K236,94.1356771469065,2.4871902094178826
22K240,93.41081257981686,3.6366266942402663
22K245,94.72134521454228,2.9532830457154526
22K251,90.03495832748742,5.172688473554444
22K254,94.33102906423026,2.2630351514449214
22K255,93.87616446931824,2.923767046686201
22K277,94.56384229981185,2.775601922285652
22K278,93.77192222326163,4.883198822927037
22K312,93.95313721305685,2.9538184493678217
22K315,93.0784240739843,3.604541502423425
22K326,93.65172314900258,4.10617057664325
22K361,90.97499167850005,5.183510137061961
22K381,94.05442489428273,4.5659250863578995
22K405,92.25595773476603,8.107902241172296
22K425,93.41454639814324,4.9963755686761
22K535,95.34075945297239,3.004795947808342
22K555,94.37483259021279,10.407400471344756
22K611,83.65395668953428,6.861682665505799
22K630,58.767320958097976,10.216426887415254
22K889,93.01419300620816,4.389137178046734
22K890,96.60688700931821,1.9074586472181596
23K041,86.88071788233525,7.021361257569997
23K137,89.70656477564053,5.195400700286791
23K150,86.65915720799688,6.689839397009934
23K155,87.64027708099708,6.822741324042186
23K156,89.19763881214412,6.002217247127425
23K165,86.28835970289006,6.505335316845356
23K178,86.10825563025541,6.874129030452688
23K184,87.64669596891413,6.408685323823895
23K284,89.8240780004584,5.1977864239555815
23K298,89.52644208846023,5.520084769920093
23K323,88.10836260508928,5.911151746560297
23K327,86.78508278277741,7.744205954472412
23K363,86.6002952914205,7.322225618134525
23K392,95.09603575878488,3.0882349858408604
23K401,84.61943931150337,7.425023129465198
23K446,86.63671929453828,9.58664083257094
23K493,84.0801910482944,6.8631290182154014
23K514,86.43546460548926,5.200333432676212
23K518,90.68212414693531,5.611456386450972
23K522,90.29562941518498,7.381901699854268
23K599,92.13699127895715,5.240593249310637
23K643,63.916053545790064,9.830792290674236
23K644,90.84959079133782,5.025598528138583
23K647,60.394851733803556,8.10466574265957
23K664,87.29835281518173,8.741008123082967
23K668,87.13135742884732,7.18587243758236
23K671,90.65306981068682,4.924773304971473
23K697,74.5038479572339,17.893774065996688
24Q005,95.88404074401157,2.3695275273323957
24Q007,95.46330759287802,2.0244747169377413
24Q012,95.78825745111367,1.8561186085128103
24Q013,94.95370314084717,2.290937189913343
24Q014,94.07980165824894,3.0910560310004933
24Q016,95.71243855287857,2.073371875324113
24Q019,95.5687005526953,2.4116792608024444
24Q028,94.96218107060854,2.5319848857349245
24Q049,95.44435930814787,2.016430217133609
24Q058,95.49315456267108,2.1646494553902396
24Q061,93.70140686821101,4.506561542117932
24Q068,92.78346244551423,4.162793735040405
24Q071,91.54384675853255,3.837197570968944
24Q073,95.64913809353905,2.4125106023411185
24Q077,92.32031029163193,3.704999334229993
24Q081,94.57707774481705,3.186470005352019
24Q087,92.7112581777565,4.231517170345203
24Q088,92.8315890075671,3.4764175476263723
24Q089,95.1752505541936,2.2853121666446152
24Q091,91.81440314664725,3.716621660046996
24Q093,94.29170976500349,2.6347206500664884
24Q102,95.99718322987484,1.7626110836794178
24Q110,94.94831823812476,2.314883270834924
24Q113,95.17180831437308,3.0724131223789786
24Q119,95.78310531156976,2.1124759596531835
24Q125,95.22075544794033,3.175273899492696
24Q128,95.59992915957132,1.8683691530919468
24Q143,93.93617259706285,2.978948538847313
24Q153,94.00383884722876,2.7703640551935074
24Q199,92.69884854234381,3.0806655941237553
24Q211,93.5726321643232,3.1121995299136374
24Q229,94.93308467587624,2.325181888047259
24Q236,87.12529963446832,3.477800658787719
24Q239,93.21162409710581,3.6073897663689842
24Q264,93.27488128845091,3.719948072993247
24Q267,90.36975538774168,4.559863451979325
24Q290,95.02622037251236,2.82549805314041
24Q293,91.11906265144552,4.069273434002756
24Q296,93.06945539978354,3.3743606064237275
24Q299,96.46912096271578,6.141072664080487
24Q305,93.55214620537444,3.115636411942991
24Q307,95.98828236496905,1.8683710120263393
24Q311,95.84575003344335,3.1640598008475194
24Q330,94.19625539905142,2.706645054467645
24Q343,93.13556328148718,3.7838700797272233
24Q455,89.09850174850092,3.1429571579060047
24Q485,83.47425807209174,4.879026185844544
24Q520,93.16987893286462,4.355996306581863
24Q530,91.82643858716844,3.425787575286108
24Q550,91.2822869155231,4.332104459226862
24Q560,88.12920433903608,19.162226264384465
24Q585,93.30694875202025,4.76418790205842
24Q600,92.18163774276975,4.037935147372875
24Q610,97.37166108750804,1.6045262312970312
24Q744,57.64068625806647,7.622284363693055
25Q020,95.25540129031282,1.8766555798214544
25Q021,95.35409809535383,1.7582625910566672
25Q022,96.07533294604727,1.5766166465279507
25Q024,96.85407780479642,1.2685912268321355
25Q025,96.82528122571425,2.0045352178806817
25Q029,94.27303384402522,2.875646449802145
25Q032,95.76805183757227,1.6746790478944882
25Q079,96.02115839457016,1.514671924695988
25Q107,94.81657565667801,2.0662664341213266
25Q120,96.47771062683294,1.1449806799701379
25Q129,94.93532080534183,2.5787282419250235
25Q130,95.04949160226813,2.013352008745229
25Q154,94.56463251933715,2.388372565297102
25Q163,96.29428502994209,1.32766106167407
25Q164,94.72238196671479,2.3915793741492926
25Q165,93.34033613643673,2.8669033793564767
25Q169,94.93361451097236,2.341291234094868
25Q184,95.81868502523834,1.6120103592502413
25Q185,96.411020993456,1.8878856846739167
25Q189,96.94537878894805,1.48083799092669
25Q193,94.66523788065523,2.1496985947826723
25Q194,95.41226703338127,3.3006708865358503
25Q200,93.36299276423159,2.7631692446423473
25Q201,92.00156098013116,4.17691243783466
25Q209,96.19076301133803,1.3834156227963732
25Q214,95.72786669825308,2.1886831144513126
25Q219,94.9267114208359,1.9925075042530653
25Q237,96.19097161626138,1.998082473550942
25Q240,88.83863727971676,5.8124891127337905
25Q241,93.34942130673691,3.399406566221358
25Q242,95.57474368804624,2.146857825647433
25Q244,96.28656153720823,1.6874657635555634
25Q250,92.62399242490419,4.618051415636275
25Q252,91.1647429861976,13.739441682932833
25Q263,88.1400035756982,7.405774280910118
25Q281,91.45158044157441,14.761021197725864
25Q285,89.49112720496176,13.925142822016738
25Q294,95.94487839973735,2.053182457152216
25Q379,95.17693585182413,2.299259468464899
25Q425,84.45191082706019,8.278487835760862
25Q460,84.29578563871058,6.318943977002555
25Q499,97.06334191165297,1.8576976017327564
25Q525,97.26807503030388,1.590746066578439
25Q540,52.17913105346764,9.124378177994783
25Q670,89.40246897528748,8.71551426450657
25Q792,58.443531354197766,10.235081486395048
26Q018,95.80595089335462,2.021706227608262
26Q026,94.27053985771033,2.314676504253645
26Q031,95.5294891625296,1.965804597950277
26Q041,96.18938289500622,1.6597064212694155
26Q046,95.97144406871182,1.7254140116701755
26Q067,97.37991131225783,1.259675693469345
26Q074,97.25579633704612,1.1413008368604227
26Q094,96.74311328716318,1.6078217090733355
26Q098,95.83202183472196,1.6339807166434823
26Q115,95.4793231509971,1.9049437023473013
26Q133,95.36314643200681,2.020766393649324
26Q158,96.7436142779337,2.1557378648121786
26Q159,96.61503992340738,1.5637088426227286
26Q162,96.49023442834574,1.4210776638263054
26Q172,96.28681073389295,2.154310019300719
26Q173,96.08319431314145,1.3109887546957597
26Q178,95.3322426346925,2.58741690059082
26Q186,94.78907151185757,2.303562349203888
26Q188,96.8807729757363,1.3148186743356456
26Q191,94.96446976136545,2.1020932103083343
26Q203,96.6829819236611,1.0416440607630986
26Q205,96.14755681850043,1.8893075745267842
26Q213,93.81823041378681,2.769709729695576
26Q216,96.7033206328906,1.5104757694752602
26Q221,96.33841842230768,1.4192315319246884
26Q266,95.00044494816562,2.3264720103670284
26Q315,85.65414251280772,9.20858083886954
26Q376,93.66799991948919,3.3985377013504627
26Q415,91.52044706524337,8.24819779634358
26Q430,91.6643624739863,9.50657318074474
26Q435,87.81807128203145,6.0268309713080015
26Q495,92.94546794974688,3.271386484766142
26Q566,90.31050232317808,5.838704971235017
27Q042,86.95042004478012,5.952367772317482
27Q043,88.9650712503254,6.983560644496237
27Q045,91.5830575409945,4.3383182972852445
27Q047,93.50456366794826,2.6481884742391415
27Q051,90.38939844045532,4.251951279164623
27Q053,89.64042503621056,4.903987048308316
27Q056,94.45696922088953,3.1752082521598304
27Q060,92.83472389702185,3.5270752865020474
27Q062,93.86365330936712,3.370828472882609
27Q063,92.3246592153913,3.568090137014217
27Q064,93.6886760300995,3.704784014105539
27Q065,91.4188585977087,4.400333226340327
27Q066,93.17065511089483,3.7498454355740125
27Q090,93.5995693827727,3.609420957081771
27Q096,93.95084022232831,3.7725870822539855
27Q097,93.52229204101494,3.3294713453341074
27Q100,92.95095482875816,3.8476556674121665
27Q104,91.87827249227482,4.818106837287345
27Q105,88.79612086694873,6.348816820176185
27Q106,88.37810016777564,6.327864860575847
27Q108,94.0348380964134,3.6377614473262763
27Q114,94.52796529592865,2.1395042187239404
27Q123,93.18944900750671,3.8737449005913347
27Q124,94.18942875351318,3.1276139584103997
27Q137,93.49142186302132,4.597130635207481
27Q146,93.73780104438703,2.9083596087297163
27Q155,94.09448217243369,3.5752071902582094
27Q183,87.95296565196978,6.815217248585999
27Q197,91.87825437162368,4.69658080614449
27Q202,94.50086630022061,3.370102069369464
27Q207,94.41057532029569,2.948935321656825
27Q210,92.64094942868196,4.905918437279987
27Q223,91.13521617667871,5.2355314298854925
27Q226,91.5915432234492,4.7868210328087955
27Q232,94.17092846834329,2.4571799712321023
27Q253,91.57990743066972,4.8773889545048865
27Q254,93.92740219226346,2.9183468294327852
27Q260,78.41338295460851,7.673614652299697
27Q261,53.453473577205564,9.769341996470619
27Q262,88.4540088105339,14.096054691894235
27Q273,92.3601986517491,3.8829878839712486
27Q282,96.89560848872152,2.63320425820264
27Q297,94.13220068452955,3.7800835406874045
27Q302,84.77751407323187,6.098537984989135
27Q306,92.33508254678118,3.9749883972813764
27Q308,93.24493704758807,4.81228333243557
27Q309,84.27352797866952,15.926610681669999
27Q314,84.07157077316829,6.106845645802804
27Q316,93.39008338762561,3.276206810605217
27Q317,93.56534944443096,3.3758418063998032
27Q318,89.32668104752739,9.554372577224267
27Q319,91.43359107146335,5.041627467196768
27Q323,92.1354424981402,12.92841051416938
27Q324,77.68424046050472,7.225414839085846
27Q333,94.3914506834628,3.588360428284919
27Q334,85.23597356132964,7.398573833271616
27Q351,80.06660494338342,7.035067588551186
27Q362,93.17145941760958,3.8272156968777833
27Q377,89.56501928166236,5.416095736428027
27Q400,88.39601388189665,4.888094987077367
27Q475,87.02192608187073,7.454753654927678
27Q480,86.51733178300147,7.99369556522563
27Q650,93.87197647903488,6.2435279374420105
28Q008,91.85681537835868,4.270561891694117
28Q040,90.31657848744076,5.7724616412174115
28Q048,91.99279619623547,4.5822706539286795
28Q050,93.11395801401854,3.7833435255414116
28Q054,92.74117264679798,3.8456234951199453
28Q055,92.73034817581765,4.657890291202291
28Q072,90.38194585005652,6.568008582942583
28Q080,92.20024307642542,5.492473716540806
28Q082,94.45514771591432,2.7651092815541594
28Q086,92.51805368552036,3.841150944827655
28Q099,94.4836238359597,2.749516321882856
28Q101,95.40804949356695,2.0431496837865364
28Q117,92.12053823031073,3.52938546577148
28Q121,92.22695916699512,4.624914265633319
28Q139,94.79838808035801,2.5810365080820015
28Q140,90.50124292782844,5.462546992833767
28Q144,95.29002733123559,1.9184454569995235
28Q157,93.91640109829201,10.112631712792371
28Q160,90.5285959178321,8.743456157310455
28Q161,92.81481188301758,4.001235866551599
28Q167,91.38093196453192,13.417322193582278
28Q174,95.18279279026203,2.4080054230917955
28Q175,93.24752167693475,3.5980616154913068
28Q182,93.00872455755318,3.96021810166064
28Q190,94.24516550597082,2.4306914367559993
28Q196,95.78841355126957,1.8462270280449045
28Q206,93.65749230338794,3.383800610205712
28Q217,92.1838277950719,3.954653517042702
28Q220,94.25458562315116,2.875211767204232
28Q284,90.82490637060978,13.801533507853938
28Q287,90.8060909323934,5.370149301471868
28Q303,96.31814073225989,2.925940036621579
28Q310,85.14258123310789,15.259501599160982
28Q312,93.5398470644892,3.7877525638255323
28Q325,86.56001894415687,8.333930988679292
28Q328,84.5998072917567,6.772208355967226
28Q332,90.76082929257069,5.224605426909368
28Q338,65.34829235320097,12.74145311171101
28Q349,91.96375069400966,3.291742806742876
28Q350,89.95607826714134,6.167893174309512
28Q354,92.6644018623112,5.534881149633562
28Q358,93.8868933376131,3.4196309608308937
28Q440,88.50510133112412,6.2413567859938235
28Q505,86.32432218737601,7.420628161258364
28Q620,93.90289577531313,5.174527447759344
28Q680,91.97219905756889,14.258280982479693
28Q686,91.7811050426921,4.75011503649016
28Q687,97.08658448303373,2.9037133397464214
28Q690,86.84036344046547,4.394369861226727
28Q896,90.93192817829721,13.289282188964117
29Q015,92.721306693903,4.440505000465872
29Q033,94.068324806783,3.0790225151113013
29Q034,93.07630140451742,5.194760838002588
29Q035,93.32746932502064,3.8011110654952236
29Q036,92.3665911601,6.8009425955508584
29Q037,90.76645322655331,5.633041071182081
29Q038,93.00103847872809,4.109524506908697
29Q052,89.75222036904192,5.284370721007705
29Q059,90.2991079833883,6.694753928282294
29Q095,90.32972095929881,6.526462037043296
29Q109,93.44021308874942,4.773778961946309
29Q116,90.6446851944611,5.050903580388341
29Q118,92.90636005603953,4.644679954701378
29Q131,93.96666673190886,3.048988682190051
29Q132,92.27416347466851,5.104118345454661
29Q134,91.51102738038612,6.826497496338464
29Q135,93.13659373950328,3.4743695183280194
29Q136,91.12608376961552,6.668189790430521
29Q138,91.70263657329726,5.049408980451353
29Q147,92.1392735295267,4.11378205978726
29Q156,87.26037771279013,6.219010519983958
29Q176,94.60221076844397,3.3870981385000736
29Q181,91.42613827478404,4.470657447529863
29Q192,96.13845064319256,2.066497854507349
29Q195,91.84450084681505,7.075570499320055
29Q208,95.93955504626595,2.563601211202397
29Q238,91.5644903288916,5.720643024883589
29Q243,87.4052168321984,5.145983242353039
29Q248,81.04911384435225,5.998555490309881
29Q251,92.88600813910904,4.062758565955163
29Q259,88.88018097320477,14.226797445068978
29Q265,86.62997405488106,5.736664297535629
29Q268,93.77056943299766,3.316768320420845
29Q270,94.9701303811046,2.916161256164207
29Q272,84.86470428417691,4.7140335496056105
29Q283,85.11801124924105,14.211020384838843
29Q289,91.26666654777522,4.986540066661035
29Q295,94.97258364730918,2.748328932799411
29Q313,84.94904117310267,6.944390778176257
29Q326,87.30643339160403,5.122188222241346
29Q327,87.18086564449968,14.448472599885575
29Q355,93.2809593751994,4.7809211777889224
29Q356,89.9065790855652,6.431831401382126
29Q360,95.61750987486093,2.5050596333812765
29Q492,83.6046849162731,8.640497973392284
29Q498,85.83152333149874,5.4437892191258275
30Q002,94.49079170761505,2.322021649668527
30Q010,94.24728485908739,4.685622632412175
30Q011,94.86924785785666,2.219341378965994
30Q017,92.66908133435454,3.551405855043846
30Q069,95.26484477344279,2.1740493328485466
30Q070,93.93585585237932,3.036263763387615
30Q076,91.39565173594721,4.040412280060137
30Q078,94.3410756797972,2.5659084907975793
30Q084,93.0546438884046,3.105032862507048
30Q085,94.06973589041921,2.662395521665553
30Q092,95.54519314581188,2.337758032244411
30Q111,89.35721093777276,5.499297713491437
30Q112,90.50558469003597,4.196014940381954
30Q122,95.232140144586,2.1549615021380304
30Q126,93.17223089399357,5.542442948592439
30Q127,93.00583175764255,3.7373884016467924
30Q141,95.02296569112886,2.9235420464180844
30Q145,95.15008625199185,3.775005835456527
30Q148,94.44743166148939,2.7854398764639936
30Q149,95.24840276199856,2.58096937946152
30Q150,94.47878269508824,2.036877673213502
30Q151,93.25714382255426,3.5908864903319397
30Q152,95.35643234186756,2.112452698145747
30Q166,95.11835882736518,2.2034907325442514
30Q171,90.21824200367868,5.575494535026579
30Q204,92.53748451591585,4.441525910087185
30Q212,94.72947043216647,2.7688474520257085
30Q222,92.69964106880771,3.316502471566695
30Q227,96.01836945825521,1.7021341970530899
30Q228,94.02439065325403,3.1391616660797204
30Q230,95.16919228838468,4.826734854059635
30Q234,93.74125033560753,2.8750592229629004
30Q235,95.1665073953684,5.338688788739056
30Q258,90.85890184836977,3.632757372011066
30Q280,94.89094347615831,2.3832750103573974
30Q286,91.09239714847942,14.373033814665934
30Q291,95.46949229953005,2.4990541559841946
30Q300,96.69618247723366,1.6584057963067276
30Q301,93.34935738165831,3.441583544620905
30Q329,94.14997786654548,2.865039018371039
30Q361,94.69750166920652,2.8913214554155138
30Q384,91.23640397259483,6.0373870029261
30Q445,87.92588746813432,4.984317896067099
30Q450,87.76589231498758,4.769951018452223
30Q501,92.57041964248963,4.121206523308465
30Q502,88.3329839595136,4.877008357729726
30Q555,88.85157541050198,4.708114639545407
30Q575,92.70389963935621,4.043147238238326
30Q580,94.08731427747597,14.301247128394545
31R001,93.20461839078641,3.02642990930102
31R002,92.94577548824442,4.396667037053323
31R003,94.75737280408336,1.951876488277335
31R004,94.01393242308613,3.0192923030932985
31R005,95.02767242249469,2.499427211581721
31R006,93.90842166830453,2.555608401935554
31R007,93.89608437390538,3.572293377401518
31R008,94.25414811212553,3.2784819622289763
31R009,95.7623719226315,2.4441942561200176
31R010,89.89423962868362,4.363564909357868
31R011,93.29019644042027,3.2733002797596815
31R013,93.4591104072835,3.235762028134306
31R016,90.22898093415137,4.824610392701645
31R018,89.48517344201915,5.390566202168
31R019,91.80573246047798,4.761824635080024
31R020,92.81271305593121,3.7144517125874703
31R021,90.40388290587208,4.618660473849077
31R022,91.88303344698745,4.357513009761836
31R023,94.9154223866961,2.4676649162658
31R024,94.49131154617668,2.353649701469812
31R026,93.95905521895992,2.883790492776584
31R027,91.25331329158145,5.583322000869249
31R028,88.86455268372336,9.898394610786028
31R029,94.79199296133397,2.552975465376266
31R030,94.20043738767463,2.4957621141324107
31R031,89.6053261513306,5.567293379841673
31R032,93.60625145893667,2.717494707710713
31R034,93.33419756969431,4.476062607890628
31R035,95.20443950615604,2.3753950851316192
31R036,94.84198533896145,2.076063470050358
31R038,93.59939405527953,3.104692293477398
31R039,92.34215953249925,3.7459574303300918
31R041,94.09047367136323,2.6018186930447373
31R042,94.49782512725845,2.3165834699416434
31R044,88.94917952496597,5.540755258095777
31R045,92.98731761626853,3.638769533501359
31R046,91.85866456175945,4.26247316381653
31R047,94.96610030922066,3.937815861137383
31R048,94.97909188846367,1.997476050643422
31R049,91.04872277974206,3.8640419097490453
31R050,94.20225992684033,2.414142002320684
31R051,90.28174523574398,4.984688022358894
31R052,94.4722746325849,2.517892137107752
31R053,94.2907799242419,2.22990083550051
31R054,93.9645790547825,2.8323062525228266
31R055,94.01932153618854,2.4507352628143546
31R056,94.71299156786928,2.5044082989805316
31R057,90.75350467930097,5.268595702768678
31R058,93.59945132264617,2.7747557835312273
31R059,93.54014223640041,3.67838012962962
31R060,93.70329037703777,2.9465338442826106
31R061,90.04347733514336,6.54393578311751
31R062,94.17715231415487,2.6604977611194665
31R063,94.59544816198526,7.485637739085841
31R064,91.46472836658783,4.878010599348147
31R065,94.49160067584988,2.6514603774387795
31R068,91.54927387612355,3.88793014715606
31R069,94.97570396774279,2.1851109686847385
31R072,93.93486629072774,4.185259533928218
31R074,88.47688575397389,6.294896337570437
31R075,94.55264614180714,3.1011377177107424
31R078,89.88158713067531,5.08612708676573
31R080,90.96063898614477,10.175346210252433
31R440,91.29045254191911,3.133911682323678
31R445,83.7464558734236,7.518435273635428
31R450,85.87620886471544,8.368612332850695
31R455,91.58103185040265,5.195341804477922
31R460,90.65088600496632,8.105582965312756
31R470,61.40897234098958,13.6355172802857
31R600,83.68010812188285,8.568223018275646
31R605,96.3441344943734,4.4867816129681914
31R861,93.07400113879989,3.0153322356482355
32K045,91.9297733241172,4.409841087513414
32K075,89.12863258082803,5.660207210559397
32K086,94.15930444934222,3.157166636227556
32K106,90.66174862298439,4.988460796359264
32K116,92.48309355362257,3.2399754030945864
32K123,93.95591859416619,3.394596806000559
32K145,93.08591859788802,3.89872303202256
32K151,94.23668817691627,3.491396585136432
32K162,92.54865189347662,4.969721237489075
32K168,90.28877474083808,7.397355247991041
32K274,91.6689441462575,4.765746441201203
32K291,89.63429296394438,5.4282994791402555
32K299,92.57351770950513,4.687993154602744
32K347,91.1093125051389,4.4857073819189806
32K349,92.35102257644762,5.7928758758703935
32K376,94.1521390827066,3.2628517455601864
32K377,90.9905810680976,6.87642864289861
32K383,94.50529388738481,3.5053819785722156
32K384,91.41355709977472,4.039880941216228
32K403,83.76111802557607,6.602727322176606
32K545,82.94777105080955,6.497455147343738
32K549,79.10478378197304,5.901501975653624
32K552,90.40014141986548,5.133777701704501
32K554,91.38428338067501,14.356414388909732
32K556,82.90801126933013,6.153310375990174
32K562,94.90520478097636,3.0243345249218683
32K564,59.84216088454656,8.326071016148166
75K004,86.88295667475717,5.127487832457627
75K036,83.2506964286786,8.971544620171237
75K053,86.64072606282448,8.009950042635028
75K077,90.3942875289317,3.4104434305761138
75K140,85.647830492396,6.5237323424517495
75K141,82.56575782610807,8.1307355056416
75K231,89.41148715966045,3.304311746518629
75K368,78.191731153326,8.017707964524012
75K369,84.64163788194968,7.952319810964553
75K370,88.57964987911556,8.330804144482071
75K371,69.97531598762669,6.421013188099723
75K372,94.02650284215251,3.074568208181485
75K373,82.02585707718006,7.405378251902221
75K396,84.32788691456336,4.77102681108578
75K721,83.47801607663511,7.402106633499005
75K753,61.857950526455404,9.661240646956895
75K771,85.6926077241146,7.860968594400443
75K811,81.84649564150928,7.615840764381693
75M079,74.74477942395119,9.284986568369439
75M094,87.09614331086873,6.694728612301378
75M138,81.88901112001841,8.126925496472461
75M169,84.75187472169416,8.540626970642688
75M226,87.1678332576978,8.993548858106106
75M721,84.16028230553472,7.744690130086105
75M751,73.86441610919029,8.11727191292598
75M811,85.31691418581094,6.552129406794691
75Q004,90.99440904961516,3.3804775261624735
75Q009,85.50030950635404,4.652614953819588
75Q075,87.46856259756596,3.850148391282555
75Q177,88.88693657391275,3.3159594608071035
75Q224,88.70111612756835,8.130199266488315
75Q233,86.67342409413692,7.00417757818718
75Q255,91.41233351491773,7.447541162248795
75Q277,88.7257968093441,7.54094373491626
75Q721,83.91448496137214,7.5770552212929445
75Q752,72.24936751725632,8.380645246040075
75Q811,86.88089753687876,7.3029079861018475
75Q993,86.82357053257813,7.3022804803440735
75R025,76.966541194588,10.128121525827604
75R037,88.14471901329554,7.4352635259251185
75R373,89.39371373930344,3.325146571670397
75R721,86.02854774624447,8.207758349412712
75X010,84.01586737855105,8.79230756681599
75X012,83.0262030467425,6.540913056756158
75X017,85.47264184137116,8.212207190788643
75X168,84.66385017784634,8.573078233545909
75X176,88.95561669770775,8.526627539746125
75X186,81.97823598072122,8.404827035208841
75X188,85.79899884949036,9.257844040608063
75X352,85.40765067460788,5.899828764127047
75X469,85.92451844856262,6.024238944592807
75X596,90.75210852515954,5.154393384564381
75X721,83.80985017320434,7.951402067023603
75X754,59.42665640576882,8.553615508941881
75X811,82.4986379412294,8.55014334024806
79M331,41.511855787131246,18.171543945538055
79Q344,30.069646708559876,10.087763845579076
79X695,74.28386689500049,10.631270140238122
